,contribution,weight,value_today_not_normalized,value_today_normalized,extrema
CO2Median(),0.274,-0.178,1519.0,-1.5368104150568556,2.3486275145357154
VitaminD,0.116,0.049,1500.0,2.3486275145357154,-1.5368104150568556
Weight,0.102,0.128,74.79,0.7968976511675497,
HumidInMax(),0.038,-0.253,45.0,-0.151409628447098,
Steps,0.027,0.038,22228.0,0.709628997980024,
HeartPoints,-0.024,0.108,49.0,-0.22033986392298024,
RunningMin,-0.021,0.037,0.0,-0.5639674656627415,
DistractingScreentime,-0.02,-0.01,278.0,2.016,
