,contribution,weight,value_today_not_normalized,value_today_normalized,extrema
CO2Median(),0.287,-0.187,1519.0,-1.5368104150568556,2.3486275145357154
VitaminD,0.143,0.061,1500.0,2.3486275145357154,-1.5368104150568556
Weight,0.092,0.115,74.79,0.7968976511675497,
HumidInMax(),0.037,-0.248,45.0,-0.151409628447098,
HeartPoints,-0.024,0.11,49.0,-0.22033986392298024,
Steps,0.023,0.032,22228.0,0.709628997980024,
RunningMin,-0.022,0.04,0.0,-0.5639674656627415,
DistractingScreentime,-0.022,-0.011,278.0,2.016,
